{"participantID":"3231905509002004819-6_12_12_3","treatmentCondition":2,"stage":"learning","duration":1589,"counter_design_viewed":731,"counter_feature_viewed":15,"counter_filter_used":0,"features_tested":[{"id":179,"name":"({inOrbit[4;7;]}&&{notInOrbit[2;0,1,2,3,4,5,6,7,8,9,10,11;]}&&{notInOrbit[0;1,2,4,10;]}&&{notInOrbit[3;0,1,2,3,4,8,9,10;]}&&{notInOrbit[1;0,11;]}&&({notInOrbit[1;6;]}||{notInOrbit[1;9;]}))","expression":"({inOrbit[4;7;]}&&{notInOrbit[2;0,1,2,3,4,5,6,7,8,9,10,11;]}&&{notInOrbit[0;1,2,4,10;]}&&{notInOrbit[3;0,1,2,3,4,8,9,10;]}&&{notInOrbit[1;0,11;]}&&({notInOrbit[1;6;]}||{notInOrbit[1;9;]}))","metrics":[0.04913598797896319,5.9307259616170755,0.48301329394387005,0.6033210332103321],"x0":281.6532886395116,"x":281.6532886395116,"y0":139.51737451737452,"y":139.51737451737452,"complexity":7},{"id":178,"name":"{absent[;10;]}","expression":"{absent[;10;]}","metrics":[0.010518407212622089,1.2071655126663625,0.09831460674157304,0.12915129151291513],"x0":29.545454545454547,"x":29.545454545454547,"y0":288.35907335907336,"y":288.35907335907336,"complexity":1},{"id":186,"name":"({absent[;2;]})","expression":"({absent[;2;]})","metrics":[0.08024042073628851,1.6102090416778432,0.13113948919449903,0.985239852398524],"x0":51.05686151120666,"x":51.05686151120666,"y0":19.633204633204684,"y":19.633204633204684,"complexity":1},{"id":189,"name":"({absent[;2;]}&&{notInOrbit[2;0,1,3;]})","expression":"({absent[;2;]}&&{notInOrbit[2;0,1,3;]})","metrics":[0.07978963185574756,1.952661103430441,0.15902964959568733,0.9797047970479704],"x0":69.33435546995764,"x":69.33435546995764,"y0":21.370656370656434,"y":21.370656370656434,"complexity":2}]}